valid_time,latitude,longitude,t2m,t2m_C,number
01/01/2021,19.05,72.8,298.3456,25.1956,0
01/01/2021,18.8,72.8,298.66147,25.51147,0
02/01/2021,19.05,72.8,298.26297,25.11297,0
02/01/2021,18.8,72.8,298.4026,25.2526,0
03/01/2021,19.05,72.8,297.64035,24.49035,0
03/01/2021,18.8,72.8,297.7191,24.5691,0
04/01/2021,19.05,72.8,297.22733,24.07733,0
04/01/2021,18.8,72.8,297.4315,24.2815,0
05/01/2021,19.05,72.8,297.33853,24.18853,0
05/01/2021,18.8,72.8,297.3995,24.2495,0
06/01/2021,19.05,72.8,297.50485,24.35485,0
06/01/2021,18.8,72.8,297.6248,24.4748,0
07/01/2021,19.05,72.8,297.93106,24.78106,0
07/01/2021,18.8,72.8,298.039,24.889,0
08/01/2021,19.05,72.8,298.33762,25.18762,0
08/01/2021,18.8,72.8,298.5288,25.3788,0
09/01/2021,19.05,72.8,298.67276,25.52276,0
09/01/2021,18.8,72.8,298.68872,25.53872,0
10/01/2021,19.05,72.8,299.26886,26.11886,0
10/01/2021,18.8,72.8,299.21072,26.06072,0
11/01/2021,19.05,72.8,299.86572,26.71572,0
11/01/2021,18.8,72.8,299.83618,26.68618,0
12/01/2021,19.05,72.8,299.98227,26.83227,0
12/01/2021,18.8,72.8,300.01028,26.86028,0
13/01/2021,19.05,72.8,299.6795,26.5295,0
13/01/2021,18.8,72.8,299.8336,26.6836,0
14/01/2021,19.05,72.8,298.61563,25.46563,0
14/01/2021,18.8,72.8,298.9245,25.7745,0
15/01/2021,19.05,72.8,297.85895,24.70895,0
15/01/2021,18.8,72.8,298.12943,24.97943,0
16/01/2021,19.05,72.8,297.39706,24.24706,0
16/01/2021,18.8,72.8,297.65628,24.50628,0
17/01/2021,19.05,72.8,297.7963,24.6463,0
17/01/2021,18.8,72.8,297.99374,24.84374,0
18/01/2021,19.05,72.8,298.2174,25.0674,0
18/01/2021,18.8,72.8,298.44434,25.29434,0
19/01/2021,19.05,72.8,298.60324,25.45324,0
19/01/2021,18.8,72.8,298.70538,25.55538,0
20/01/2021,19.05,72.8,298.4714,25.3214,0
20/01/2021,18.8,72.8,298.6401,25.4901,0
21/01/2021,19.05,72.8,297.30313,24.15313,0
21/01/2021,18.8,72.8,297.5624,24.4124,0
22/01/2021,19.05,72.8,297.64386,24.49386,0
22/01/2021,18.8,72.8,297.66602,24.51602,0
23/01/2021,19.05,72.8,298.15115,25.00115,0
23/01/2021,18.8,72.8,298.26608,25.11608,0
24/01/2021,19.05,72.8,297.9049,24.7549,0
24/01/2021,18.8,72.8,298.07346,24.92346,0
25/01/2021,19.05,72.8,297.14468,23.99468,0
25/01/2021,18.8,72.8,297.4104,24.2604,0
26/01/2021,19.05,72.8,296.45132,23.30132,0
26/01/2021,18.8,72.8,296.72232,23.57232,0
27/01/2021,19.05,72.8,296.37927,23.22927,0
27/01/2021,18.8,72.8,296.5458,23.3958,0
28/01/2021,19.05,72.8,296.39706,23.24706,0
28/01/2021,18.8,72.8,296.60892,23.45892,0
29/01/2021,19.05,72.8,296.657,23.507,0
29/01/2021,18.8,72.8,296.84055,23.69055,0
30/01/2021,19.05,72.8,297.23727,24.08727,0
30/01/2021,18.8,72.8,297.49857,24.34857,0
31/01/2021,19.05,72.8,297.60538,24.45538,0
31/01/2021,18.8,72.8,297.81204,24.66204,0
01/02/2021,19.05,72.8,298.67886,25.52886,0
01/02/2021,18.8,72.8,298.73648,25.58648,0
02/02/2021,19.05,72.8,298.97974,25.82974,0
02/02/2021,18.8,72.8,299.12903,25.97903,0
03/02/2021,19.05,72.8,298.34064,25.19064,0
03/02/2021,18.8,72.8,298.3557,25.2057,0
04/02/2021,19.05,72.8,297.9336,24.7836,0
04/02/2021,18.8,72.8,297.93423,24.78423,0
05/02/2021,19.05,72.8,297.8942,24.7442,0
05/02/2021,18.8,72.8,297.9736,24.8236,0
06/02/2021,19.05,72.8,298.18533,25.03533,0
06/02/2021,18.8,72.8,298.28616,25.13616,0
07/02/2021,19.05,72.8,298.4164,25.2664,0
07/02/2021,18.8,72.8,298.574,25.424,0
08/02/2021,19.05,72.8,298.29428,25.14428,0
08/02/2021,18.8,72.8,298.53146,25.38146,0
09/02/2021,19.05,72.8,298.19034,25.04034,0
09/02/2021,18.8,72.8,298.30228,25.15228,0
10/02/2021,19.05,72.8,298.0153,24.8653,0
10/02/2021,18.8,72.8,298.01584,24.86584,0
11/02/2021,19.05,72.8,298.11404,24.96404,0
11/02/2021,18.8,72.8,298.09488,24.94488,0
12/02/2021,19.05,72.8,298.21808,25.06808,0
12/02/2021,18.8,72.8,298.1743,25.0243,0
13/02/2021,19.05,72.8,297.9061,24.7561,0
13/02/2021,18.8,72.8,297.92325,24.77325,0
14/02/2021,19.05,72.8,297.92273,24.77273,0
14/02/2021,18.8,72.8,297.88333,24.73333,0
15/02/2021,19.05,72.8,297.71643,24.56643,0
15/02/2021,18.8,72.8,297.731,24.581,0
16/02/2021,19.05,72.8,297.3268,24.1768,0
16/02/2021,18.8,72.8,297.28458,24.13458,0
17/02/2021,19.05,72.8,297.6899,24.5399,0
17/02/2021,18.8,72.8,297.52588,24.37588,0
18/02/2021,19.05,72.8,298.58792,25.43792,0
18/02/2021,18.8,72.8,298.42993,25.27993,0
19/02/2021,19.05,72.8,298.94366,25.79366,0
19/02/2021,18.8,72.8,298.94055,25.79055,0
20/02/2021,19.05,72.8,298.7773,25.6273,0
20/02/2021,18.8,72.8,298.73917,25.58917,0
21/02/2021,19.05,72.8,299.52356,26.37356,0
21/02/2021,18.8,72.8,299.44724,26.29724,0
22/02/2021,19.05,72.8,299.68573,26.53573,0
22/02/2021,18.8,72.8,299.59497,26.44497,0
23/02/2021,19.05,72.8,299.64163,26.49163,0
23/02/2021,18.8,72.8,299.5205,26.3705,0
24/02/2021,19.05,72.8,299.97815,26.82815,0
24/02/2021,18.8,72.8,299.74124,26.59124,0
25/02/2021,19.05,72.8,300.00192,26.85192,0
25/02/2021,18.8,72.8,299.80872,26.65872,0
26/02/2021,19.05,72.8,299.28842,26.13842,0
26/02/2021,18.8,72.8,299.22794,26.07794,0
27/02/2021,19.05,72.8,299.329,26.179,0
27/02/2021,18.8,72.8,299.19867,26.04867,0
28/02/2021,19.05,72.8,300.17017,27.02017,0
28/02/2021,18.8,72.8,299.9824,26.8324,0
01/03/2021,19.05,72.8,300.91946,27.76946,0
01/03/2021,18.8,72.8,300.65225,27.50225,0
02/03/2021,19.05,72.8,300.95798,27.80798,0
02/03/2021,18.8,72.8,300.7954,27.6454,0
03/03/2021,19.05,72.8,300.55786,27.40786,0
03/03/2021,18.8,72.8,300.37198,27.22198,0
04/03/2021,19.05,72.8,301.00574,27.85574,0
04/03/2021,18.8,72.8,300.74405,27.59405,0
05/03/2021,19.05,72.8,300.70706,27.55706,0
05/03/2021,18.8,72.8,300.2317,27.0817,0
06/03/2021,19.05,72.8,299.66028,26.51028,0
06/03/2021,18.8,72.8,299.59915,26.44915,0
07/03/2021,19.05,72.8,298.93723,25.78723,0
07/03/2021,18.8,72.8,298.996,25.846,0
08/03/2021,19.05,72.8,299.70905,26.55905,0
08/03/2021,18.8,72.8,299.65735,26.50735,0
09/03/2021,19.05,72.8,300.43222,27.28222,0
09/03/2021,18.8,72.8,300.18747,27.03747,0
10/03/2021,19.05,72.8,300.60385,27.45385,0
10/03/2021,18.8,72.8,300.40836,27.25836,0
11/03/2021,19.05,72.8,299.95792,26.80792,0
11/03/2021,18.8,72.8,299.83557,26.68557,0
12/03/2021,19.05,72.8,299.77017,26.62017,0
12/03/2021,18.8,72.8,299.62967,26.47967,0
13/03/2021,19.05,72.8,301.05026,27.90026,0
13/03/2021,18.8,72.8,300.91635,27.76635,0
14/03/2021,19.05,72.8,301.18466,28.03466,0
14/03/2021,18.8,72.8,300.9964,27.8464,0
15/03/2021,19.05,72.8,301.45557,28.30557,0
15/03/2021,18.8,72.8,301.10617,27.95617,0
16/03/2021,19.05,72.8,301.2352,28.0852,0
16/03/2021,18.8,72.8,300.94266,27.79266,0
17/03/2021,19.05,72.8,301.08682,27.93682,0
17/03/2021,18.8,72.8,300.79037,27.64037,0
18/03/2021,19.05,72.8,300.69754,27.54754,0
18/03/2021,18.8,72.8,300.50854,27.35854,0
19/03/2021,19.05,72.8,300.48798,27.33798,0
19/03/2021,18.8,72.8,300.31488,27.16488,0
20/03/2021,19.05,72.8,299.5984,26.4484,0
20/03/2021,18.8,72.8,299.461,26.311,0
21/03/2021,19.05,72.8,299.80008,26.65008,0
21/03/2021,18.8,72.8,299.63516,26.48516,0
22/03/2021,19.05,72.8,300.46304,27.31304,0
22/03/2021,18.8,72.8,300.2911,27.1411,0
23/03/2021,19.05,72.8,300.97485,27.82485,0
23/03/2021,18.8,72.8,300.7518,27.6018,0
24/03/2021,19.05,72.8,301.79898,28.64898,0
24/03/2021,18.8,72.8,301.50986,28.35986,0
25/03/2021,19.05,72.8,302.786,29.636,0
25/03/2021,18.8,72.8,302.50735,29.35735,0
26/03/2021,19.05,72.8,302.52676,29.37676,0
26/03/2021,18.8,72.8,302.32065,29.17065,0
27/03/2021,19.05,72.8,303.00327,29.85327,0
27/03/2021,18.8,72.8,302.69443,29.54443,0
28/03/2021,19.05,72.8,301.6321,28.4821,0
28/03/2021,18.8,72.8,301.43716,28.28716,0
29/03/2021,19.05,72.8,300.74057,27.59057,0
29/03/2021,18.8,72.8,300.5723,27.4223,0
30/03/2021,19.05,72.8,300.37402,27.22402,0
30/03/2021,18.8,72.8,300.22537,27.07537,0
31/03/2021,19.05,72.8,299.98593,26.83593,0
31/03/2021,18.8,72.8,299.84143,26.69143,0
01/04/2021,19.05,72.8,300.3586,27.2086,0
01/04/2021,18.8,72.8,300.2089,27.0589,0
02/04/2021,19.05,72.8,300.22272,27.07272,0
02/04/2021,18.8,72.8,300.03482,26.88482,0
03/04/2021,19.05,72.8,299.81998,26.66998,0
03/04/2021,18.8,72.8,299.54105,26.39105,0
04/04/2021,19.05,72.8,300.46005,27.31005,0
04/04/2021,18.8,72.8,300.08905,26.93905,0
05/04/2021,19.05,72.8,300.71506,27.56506,0
05/04/2021,18.8,72.8,300.38824,27.23824,0
06/04/2021,19.05,72.8,301.96182,28.81182,0
06/04/2021,18.8,72.8,301.65897,28.50897,0
07/04/2021,19.05,72.8,301.7097,28.5597,0
07/04/2021,18.8,72.8,301.45828,28.30828,0
08/04/2021,19.05,72.8,301.06927,27.91927,0
08/04/2021,18.8,72.8,300.87863,27.72863,0
09/04/2021,19.05,72.8,300.87463,27.72463,0
09/04/2021,18.8,72.8,300.56433,27.41433,0
10/04/2021,19.05,72.8,301.11057,27.96057,0
10/04/2021,18.8,72.8,300.85892,27.70892,0
11/04/2021,19.05,72.8,301.51187,28.36187,0
11/04/2021,18.8,72.8,301.22617,28.07617,0
12/04/2021,19.05,72.8,301.75806,28.60806,0
12/04/2021,18.8,72.8,301.45477,28.30477,0
13/04/2021,19.05,72.8,302.16678,29.01678,0
13/04/2021,18.8,72.8,301.86868,28.71868,0
14/04/2021,19.05,72.8,302.28363,29.13363,0
14/04/2021,18.8,72.8,302.0278,28.8778,0
15/04/2021,19.05,72.8,301.8304,28.6804,0
15/04/2021,18.8,72.8,301.6019,28.4519,0
16/04/2021,19.05,72.8,301.5706,28.4206,0
16/04/2021,18.8,72.8,301.24304,28.09304,0
17/04/2021,19.05,72.8,301.5115,28.3615,0
17/04/2021,18.8,72.8,301.19617,28.04617,0
18/04/2021,19.05,72.8,302.2863,29.1363,0
18/04/2021,18.8,72.8,301.93344,28.78344,0
19/04/2021,19.05,72.8,301.89273,28.74273,0
19/04/2021,18.8,72.8,301.64578,28.49578,0
20/04/2021,19.05,72.8,301.26993,28.11993,0
20/04/2021,18.8,72.8,301.01416,27.86416,0
21/04/2021,19.05,72.8,301.61218,28.46218,0
21/04/2021,18.8,72.8,301.3294,28.1794,0
22/04/2021,19.05,72.8,301.75552,28.60552,0
22/04/2021,18.8,72.8,301.44623,28.29623,0
23/04/2021,19.05,72.8,301.65933,28.50933,0
23/04/2021,18.8,72.8,301.41647,28.26647,0
24/04/2021,19.05,72.8,301.4194,28.2694,0
24/04/2021,18.8,72.8,301.16025,28.01025,0
25/04/2021,19.05,72.8,301.99588,28.84588,0
25/04/2021,18.8,72.8,301.56845,28.41845,0
26/04/2021,19.05,72.8,302.5953,29.4453,0
26/04/2021,18.8,72.8,302.2322,29.0822,0
27/04/2021,19.05,72.8,302.4758,29.3258,0
27/04/2021,18.8,72.8,302.2001,29.0501,0
28/04/2021,19.05,72.8,301.908,28.758,0
28/04/2021,18.8,72.8,301.63004,28.48004,0
29/04/2021,19.05,72.8,301.96613,28.81613,0
29/04/2021,18.8,72.8,301.76654,28.61654,0
30/04/2021,19.05,72.8,301.9386,28.7886,0
30/04/2021,18.8,72.8,301.6857,28.5357,0
01/05/2021,19.05,72.8,302.24594,29.09594,0
01/05/2021,18.8,72.8,301.91962,28.76962,0
02/05/2021,19.05,72.8,302.55096,29.40096,0
02/05/2021,18.8,72.8,302.38614,29.23614,0
03/05/2021,19.05,72.8,302.85568,29.70568,0
03/05/2021,18.8,72.8,302.71512,29.56512,0
04/05/2021,19.05,72.8,302.97867,29.82867,0
04/05/2021,18.8,72.8,302.72598,29.57598,0
05/05/2021,19.05,72.8,302.94656,29.79656,0
05/05/2021,18.8,72.8,302.63858,29.48858,0
06/05/2021,19.05,72.8,302.64468,29.49468,0
06/05/2021,18.8,72.8,302.3649,29.2149,0
07/05/2021,19.05,72.8,302.66885,29.51885,0
07/05/2021,18.8,72.8,302.40414,29.25414,0
08/05/2021,19.05,72.8,302.64883,29.49883,0
08/05/2021,18.8,72.8,302.36264,29.21264,0
09/05/2021,19.05,72.8,302.59,29.44,0
09/05/2021,18.8,72.8,302.3421,29.1921,0
10/05/2021,19.05,72.8,302.54245,29.39245,0
10/05/2021,18.8,72.8,302.2742,29.1242,0
11/05/2021,19.05,72.8,302.5328,29.3828,0
11/05/2021,18.8,72.8,302.2366,29.0866,0
12/05/2021,19.05,72.8,302.4877,29.3377,0
12/05/2021,18.8,72.8,302.2263,29.0763,0
13/05/2021,19.05,72.8,302.57544,29.42544,0
13/05/2021,18.8,72.8,302.3863,29.2363,0
14/05/2021,19.05,72.8,302.44968,29.29968,0
14/05/2021,18.8,72.8,302.21793,29.06793,0
15/05/2021,19.05,72.8,303.79083,30.64083,0
15/05/2021,18.8,72.8,303.56375,30.41375,0
16/05/2021,19.05,72.8,304.69858,31.54858,0
16/05/2021,18.8,72.8,304.33505,31.18505,0
17/05/2021,19.05,72.8,301.05035,27.90035,0
17/05/2021,18.8,72.8,301.06573,27.91573,0
18/05/2021,19.05,72.8,300.94943,27.79943,0
18/05/2021,18.8,72.8,301.01218,27.86218,0
19/05/2021,19.05,72.8,301.29016,28.14016,0
19/05/2021,18.8,72.8,301.17038,28.02038,0
20/05/2021,19.05,72.8,301.9251,28.7751,0
20/05/2021,18.8,72.8,301.7357,28.5857,0
21/05/2021,19.05,72.8,301.94412,28.79412,0
21/05/2021,18.8,72.8,301.82455,28.67455,0
22/05/2021,19.05,72.8,302.40692,29.25692,0
22/05/2021,18.8,72.8,302.1573,29.0073,0
23/05/2021,19.05,72.8,302.68845,29.53845,0
23/05/2021,18.8,72.8,302.39853,29.24853,0
24/05/2021,19.05,72.8,302.6262,29.4762,0
24/05/2021,18.8,72.8,302.45407,29.30407,0
25/05/2021,19.05,72.8,302.30273,29.15273,0
25/05/2021,18.8,72.8,302.12088,28.97088,0
26/05/2021,19.05,72.8,302.55933,29.40933,0
26/05/2021,18.8,72.8,302.34073,29.19073,0
27/05/2021,19.05,72.8,302.95508,29.80508,0
27/05/2021,18.8,72.8,302.80356,29.65356,0
28/05/2021,19.05,72.8,302.712,29.562,0
28/05/2021,18.8,72.8,302.37704,29.22704,0
29/05/2021,19.05,72.8,302.37704,29.22704,0
29/05/2021,18.8,72.8,302.12527,28.97527,0
30/05/2021,19.05,72.8,301.9152,28.7652,0
30/05/2021,18.8,72.8,301.49173,28.34173,0
31/05/2021,19.05,72.8,301.4352,28.2852,0
31/05/2021,18.8,72.8,301.14825,27.99825,0
01/06/2021,19.05,72.8,301.5647,28.4147,0
01/06/2021,18.8,72.8,301.2761,28.1261,0
02/06/2021,19.05,72.8,301.6511,28.5011,0
02/06/2021,18.8,72.8,301.39566,28.24566,0
03/06/2021,19.05,72.8,302.04257,28.89257,0
03/06/2021,18.8,72.8,301.81613,28.66613,0
04/06/2021,19.05,72.8,302.00854,28.85854,0
04/06/2021,18.8,72.8,301.87302,28.72302,0
05/06/2021,19.05,72.8,301.24606,28.09606,0
05/06/2021,18.8,72.8,301.11398,27.96398,0
06/06/2021,19.05,72.8,301.03577,27.88577,0
06/06/2021,18.8,72.8,300.87894,27.72894,0
07/06/2021,19.05,72.8,300.95718,27.80718,0
07/06/2021,18.8,72.8,300.83603,27.68603,0
08/06/2021,19.05,72.8,300.59818,27.44818,0
08/06/2021,18.8,72.8,300.32755,27.17755,0
09/06/2021,19.05,72.8,300.53156,27.38156,0
09/06/2021,18.8,72.8,300.25497,27.10497,0
10/06/2021,19.05,72.8,300.60043,27.45043,0
10/06/2021,18.8,72.8,300.40558,27.25558,0
11/06/2021,19.05,72.8,300.8622,27.7122,0
11/06/2021,18.8,72.8,300.67813,27.52813,0
12/06/2021,19.05,72.8,301.0941,27.9441,0
12/06/2021,18.8,72.8,300.7898,27.6398,0
13/06/2021,19.05,72.8,300.79068,27.64068,0
13/06/2021,18.8,72.8,300.42966,27.27966,0
14/06/2021,19.05,72.8,300.7805,27.6305,0
14/06/2021,18.8,72.8,300.43442,27.28442,0
15/06/2021,19.05,72.8,300.41147,27.26147,0
15/06/2021,18.8,72.8,300.10703,26.95703,0
16/06/2021,19.05,72.8,300.36252,27.21252,0
16/06/2021,18.8,72.8,300.0837,26.9337,0
17/06/2021,19.05,72.8,300.14627,26.99627,0
17/06/2021,18.8,72.8,299.94348,26.79348,0
18/06/2021,19.05,72.8,299.34335,26.19335,0
18/06/2021,18.8,72.8,299.20792,26.05792,0
19/06/2021,19.05,72.8,299.38058,26.23058,0
19/06/2021,18.8,72.8,299.1664,26.0164,0
20/06/2021,19.05,72.8,300.01498,26.86498,0
20/06/2021,18.8,72.8,299.75632,26.60632,0
21/06/2021,19.05,72.8,300.2408,27.0908,0
21/06/2021,18.8,72.8,299.93814,26.78814,0
22/06/2021,19.05,72.8,300.71005,27.56005,0
22/06/2021,18.8,72.8,300.45242,27.30242,0
23/06/2021,19.05,72.8,300.6304,27.4804,0
23/06/2021,18.8,72.8,300.3574,27.2074,0
24/06/2021,19.05,72.8,299.75208,26.60208,0
24/06/2021,18.8,72.8,299.50122,26.35122,0
25/06/2021,19.05,72.8,300.1614,27.0114,0
25/06/2021,18.8,72.8,300.05484,26.90484,0
26/06/2021,19.05,72.8,301.0703,27.9203,0
26/06/2021,18.8,72.8,300.8209,27.6709,0
27/06/2021,19.05,72.8,301.33035,28.18035,0
27/06/2021,18.8,72.8,301.2396,28.0896,0
28/06/2021,19.05,72.8,300.17325,27.02325,0
28/06/2021,18.8,72.8,299.95883,26.80883,0
29/06/2021,19.05,72.8,300.90265,27.75265,0
29/06/2021,18.8,72.8,300.66943,27.51943,0
30/06/2021,19.05,72.8,301.06976,27.91976,0
30/06/2021,18.8,72.8,300.86618,27.71618,0
01/07/2021,19.05,72.8,301.78482,28.63482,0
01/07/2021,18.8,72.8,301.5712,28.4212,0
02/07/2021,19.05,72.8,302.04294,28.89294,0
02/07/2021,18.8,72.8,301.91415,28.76415,0
03/07/2021,19.05,72.8,301.74634,28.59634,0
03/07/2021,18.8,72.8,301.45825,28.30825,0
04/07/2021,19.05,72.8,301.11102,27.96102,0
04/07/2021,18.8,72.8,300.75113,27.60113,0
05/07/2021,19.05,72.8,301.2704,28.1204,0
05/07/2021,18.8,72.8,300.90784,27.75784,0
06/07/2021,19.05,72.8,301.3961,28.2461,0
06/07/2021,18.8,72.8,301.0867,27.9367,0
07/07/2021,19.05,72.8,302.00327,28.85327,0
07/07/2021,18.8,72.8,301.67496,28.52496,0
08/07/2021,19.05,72.8,300.88177,27.73177,0
08/07/2021,18.8,72.8,300.5314,27.3814,0
09/07/2021,19.05,72.8,300.56735,27.41735,0
09/07/2021,18.8,72.8,300.34323,27.19323,0
10/07/2021,19.05,72.8,300.10602,26.95602,0
10/07/2021,18.8,72.8,299.8521,26.7021,0
11/07/2021,19.05,72.8,300.62735,27.47735,0
11/07/2021,18.8,72.8,300.3345,27.1845,0
12/07/2021,19.05,72.8,301.055,27.905,0
12/07/2021,18.8,72.8,300.69803,27.54803,0
13/07/2021,19.05,72.8,300.7938,27.6438,0
13/07/2021,18.8,72.8,300.64767,27.49767,0
14/07/2021,19.05,72.8,300.39865,27.24865,0
14/07/2021,18.8,72.8,300.25137,27.10137,0
15/07/2021,19.05,72.8,300.55173,27.40173,0
15/07/2021,18.8,72.8,300.37906,27.22906,0
16/07/2021,19.05,72.8,300.19275,27.04275,0
16/07/2021,18.8,72.8,299.94058,26.79058,0
17/07/2021,19.05,72.8,300.56747,27.41747,0
17/07/2021,18.8,72.8,300.27872,27.12872,0
18/07/2021,19.05,72.8,300.3197,27.1697,0
18/07/2021,18.8,72.8,300.04095,26.89095,0
19/07/2021,19.05,72.8,299.99094,26.84094,0
19/07/2021,18.8,72.8,299.75607,26.60607,0
20/07/2021,19.05,72.8,299.96027,26.81027,0
20/07/2021,18.8,72.8,299.7501,26.6001,0
21/07/2021,19.05,72.8,300.06628,26.91628,0
21/07/2021,18.8,72.8,299.94995,26.79995,0
22/07/2021,19.05,72.8,300.8165,27.6665,0
22/07/2021,18.8,72.8,300.57837,27.42837,0
23/07/2021,19.05,72.8,300.61172,27.46172,0
23/07/2021,18.8,72.8,300.46506,27.31506,0
24/07/2021,19.05,72.8,300.20798,27.05798,0
24/07/2021,18.8,72.8,299.9344,26.7844,0
25/07/2021,19.05,72.8,299.65656,26.50656,0
25/07/2021,18.8,72.8,299.41278,26.26278,0
26/07/2021,19.05,72.8,299.733,26.583,0
26/07/2021,18.8,72.8,299.5173,26.3673,0
27/07/2021,19.05,72.8,299.9651,26.8151,0
27/07/2021,18.8,72.8,299.7933,26.6433,0
28/07/2021,19.05,72.8,300.51022,27.36022,0
28/07/2021,18.8,72.8,300.33334,27.18334,0
29/07/2021,19.05,72.8,300.76318,27.61318,0
29/07/2021,18.8,72.8,300.62265,27.47265,0
30/07/2021,19.05,72.8,300.94238,27.79238,0
30/07/2021,18.8,72.8,300.87143,27.72143,0
31/07/2021,19.05,72.8,300.81552,27.66552,0
31/07/2021,18.8,72.8,300.6721,27.5221,0
01/08/2021,19.05,72.8,300.73105,27.58105,0
01/08/2021,18.8,72.8,300.5983,27.4483,0
02/08/2021,19.05,72.8,299.90103,26.75103,0
02/08/2021,18.8,72.8,299.61304,26.46304,0
03/08/2021,19.05,72.8,299.43127,26.28127,0
03/08/2021,18.8,72.8,299.15848,26.00848,0
04/08/2021,19.05,72.8,300.16043,27.01043,0
04/08/2021,18.8,72.8,299.9741,26.8241,0
05/08/2021,19.05,72.8,300.374,27.224,0
05/08/2021,18.8,72.8,300.1666,27.0166,0
06/08/2021,19.05,72.8,300.52176,27.37176,0
06/08/2021,18.8,72.8,300.28232,27.13232,0
07/08/2021,19.05,72.8,299.99423,26.84423,0
07/08/2021,18.8,72.8,299.73636,26.58636,0
08/08/2021,19.05,72.8,299.983,26.833,0
08/08/2021,18.8,72.8,299.76212,26.61212,0
09/08/2021,19.05,72.8,300.0715,26.9215,0
09/08/2021,18.8,72.8,299.84158,26.69158,0
10/08/2021,19.05,72.8,300.0701,26.9201,0
10/08/2021,18.8,72.8,299.85748,26.70748,0
11/08/2021,19.05,72.8,299.94095,26.79095,0
11/08/2021,18.8,72.8,299.65372,26.50372,0
12/08/2021,19.05,72.8,299.7842,26.6342,0
12/08/2021,18.8,72.8,299.52307,26.37307,0
13/08/2021,19.05,72.8,300.04358,26.89358,0
13/08/2021,18.8,72.8,299.78964,26.63964,0
14/08/2021,19.05,72.8,299.53024,26.38024,0
14/08/2021,18.8,72.8,299.27087,26.12087,0
15/08/2021,19.05,72.8,299.06995,25.91995,0
15/08/2021,18.8,72.8,298.8652,25.7152,0
16/08/2021,19.05,72.8,299.37692,26.22692,0
16/08/2021,18.8,72.8,299.1832,26.0332,0
17/08/2021,19.05,72.8,299.62875,26.47875,0
17/08/2021,18.8,72.8,299.46164,26.31164,0
18/08/2021,19.05,72.8,299.39352,26.24352,0
18/08/2021,18.8,72.8,299.3055,26.1555,0
19/08/2021,19.05,72.8,299.31433,26.16433,0
19/08/2021,18.8,72.8,299.25467,26.10467,0
20/08/2021,19.05,72.8,299.15204,26.00204,0
20/08/2021,18.8,72.8,299.06644,25.91644,0
21/08/2021,19.05,72.8,299.19785,26.04785,0
21/08/2021,18.8,72.8,299.11313,25.96313,0
22/08/2021,19.05,72.8,299.84348,26.69348,0
22/08/2021,18.8,72.8,299.7207,26.5707,0
23/08/2021,19.05,72.8,300.21216,27.06216,0
23/08/2021,18.8,72.8,300.08682,26.93682,0
24/08/2021,19.05,72.8,300.4768,27.3268,0
24/08/2021,18.8,72.8,300.3283,27.1783,0
25/08/2021,19.05,72.8,300.36606,27.21606,0
25/08/2021,18.8,72.8,300.1786,27.0286,0
26/08/2021,19.05,72.8,300.29044,27.14044,0
26/08/2021,18.8,72.8,300.10178,26.95178,0
27/08/2021,19.05,72.8,300.25412,27.10412,0
27/08/2021,18.8,72.8,300.07584,26.92584,0
28/08/2021,19.05,72.8,300.0502,26.9002,0
28/08/2021,18.8,72.8,299.87308,26.72308,0
29/08/2021,19.05,72.8,299.9953,26.8453,0
29/08/2021,18.8,72.8,299.76242,26.61242,0
30/08/2021,19.05,72.8,300.33182,27.18182,0
30/08/2021,18.8,72.8,300.04495,26.89495,0
31/08/2021,19.05,72.8,299.60367,26.45367,0
31/08/2021,18.8,72.8,299.4652,26.3152,0
01/09/2021,19.05,72.8,299.5911,26.4411,0
01/09/2021,18.8,72.8,299.44058,26.29058,0
02/09/2021,19.05,72.8,299.86118,26.71118,0
02/09/2021,18.8,72.8,299.66138,26.51138,0
03/09/2021,19.05,72.8,299.6898,26.5398,0
03/09/2021,18.8,72.8,299.5348,26.3848,0
04/09/2021,19.05,72.8,299.69907,26.54907,0
04/09/2021,18.8,72.8,299.50665,26.35665,0
05/09/2021,19.05,72.8,299.64764,26.49764,0
05/09/2021,18.8,72.8,299.39954,26.24954,0
06/09/2021,19.05,72.8,299.759,26.609,0
06/09/2021,18.8,72.8,299.5177,26.3677,0
07/09/2021,19.05,72.8,299.9759,26.8259,0
07/09/2021,18.8,72.8,299.8589,26.7089,0
08/09/2021,19.05,72.8,300.0839,26.9339,0
08/09/2021,18.8,72.8,299.90518,26.75518,0
09/09/2021,19.05,72.8,299.84982,26.69982,0
09/09/2021,18.8,72.8,299.69452,26.54452,0
10/09/2021,19.05,72.8,299.65073,26.50073,0
10/09/2021,18.8,72.8,299.4233,26.2733,0
11/09/2021,19.05,72.8,299.8682,26.7182,0
11/09/2021,18.8,72.8,299.70773,26.55773,0
12/09/2021,19.05,72.8,299.96802,26.81802,0
12/09/2021,18.8,72.8,299.76184,26.61184,0
13/09/2021,19.05,72.8,300.34402,27.19402,0
13/09/2021,18.8,72.8,300.1305,26.9805,0
14/09/2021,19.05,72.8,300.70166,27.55166,0
14/09/2021,18.8,72.8,300.69138,27.54138,0
15/09/2021,19.05,72.8,300.64908,27.49908,0
15/09/2021,18.8,72.8,300.5265,27.3765,0
16/09/2021,19.05,72.8,300.33255,27.18255,0
16/09/2021,18.8,72.8,300.16544,27.01544,0
17/09/2021,19.05,72.8,300.24982,27.09982,0
17/09/2021,18.8,72.8,300.1672,27.0172,0
18/09/2021,19.05,72.8,299.80777,26.65777,0
18/09/2021,18.8,72.8,299.69073,26.54073,0
19/09/2021,19.05,72.8,299.7332,26.5832,0
19/09/2021,18.8,72.8,299.56967,26.41967,0
20/09/2021,19.05,72.8,300.14804,26.99804,0
20/09/2021,18.8,72.8,299.9292,26.7792,0
21/09/2021,19.05,72.8,299.71902,26.56902,0
21/09/2021,18.8,72.8,299.5494,26.3994,0
22/09/2021,19.05,72.8,299.61703,26.46703,0
22/09/2021,18.8,72.8,299.45142,26.30142,0
23/09/2021,19.05,72.8,299.72183,26.57183,0
23/09/2021,18.8,72.8,299.3985,26.2485,0
24/09/2021,19.05,72.8,300.092,26.942,0
24/09/2021,18.8,72.8,299.8299,26.6799,0
25/09/2021,19.05,72.8,299.98386,26.83386,0
25/09/2021,18.8,72.8,299.78186,26.63186,0
26/09/2021,19.05,72.8,299.94608,26.79608,0
26/09/2021,18.8,72.8,299.7786,26.6286,0
27/09/2021,19.05,72.8,300.01266,26.86266,0
27/09/2021,18.8,72.8,299.8681,26.7181,0
28/09/2021,19.05,72.8,299.777,26.627,0
28/09/2021,18.8,72.8,299.67847,26.52847,0
29/09/2021,19.05,72.8,299.94278,26.79278,0
29/09/2021,18.8,72.8,300.02316,26.87316,0
30/09/2021,19.05,72.8,300.11462,26.96462,0
30/09/2021,18.8,72.8,300.00992,26.85992,0
01/10/2021,19.05,72.8,300.68777,27.53777,0
01/10/2021,18.8,72.8,300.60754,27.45754,0
02/10/2021,19.05,72.8,300.9797,27.8297,0
02/10/2021,18.8,72.8,300.94894,27.79894,0
03/10/2021,19.05,72.8,301.20593,28.05593,0
03/10/2021,18.8,72.8,301.13657,27.98657,0
04/10/2021,19.05,72.8,301.54617,28.39617,0
04/10/2021,18.8,72.8,301.37936,28.22936,0
05/10/2021,19.05,72.8,301.78888,28.63888,0
05/10/2021,18.8,72.8,301.56232,28.41232,0
06/10/2021,19.05,72.8,302.0749,28.9249,0
06/10/2021,18.8,72.8,301.97653,28.82653,0
07/10/2021,19.05,72.8,302.01175,28.86175,0
07/10/2021,18.8,72.8,301.7656,28.6156,0
08/10/2021,19.05,72.8,300.97964,27.82964,0
08/10/2021,18.8,72.8,300.82706,27.67706,0
09/10/2021,19.05,72.8,300.85373,27.70373,0
09/10/2021,18.8,72.8,300.82217,27.67217,0
10/10/2021,19.05,72.8,300.91708,27.76708,0
10/10/2021,18.8,72.8,300.79028,27.64028,0
11/10/2021,19.05,72.8,300.77353,27.62353,0
11/10/2021,18.8,72.8,300.56003,27.41003,0
12/10/2021,19.05,72.8,300.9361,27.7861,0
12/10/2021,18.8,72.8,300.79065,27.64065,0
13/10/2021,19.05,72.8,301.70505,28.55505,0
13/10/2021,18.8,72.8,301.49594,28.34594,0
14/10/2021,19.05,72.8,302.5341,29.3841,0
14/10/2021,18.8,72.8,302.19403,29.04403,0
15/10/2021,19.05,72.8,302.53842,29.38842,0
15/10/2021,18.8,72.8,302.33173,29.18173,0
16/10/2021,19.05,72.8,302.07983,28.92983,0
16/10/2021,18.8,72.8,301.99808,28.84808,0
17/10/2021,19.05,72.8,301.8411,28.6911,0
17/10/2021,18.8,72.8,301.8403,28.6903,0
18/10/2021,19.05,72.8,301.78027,28.63027,0
18/10/2021,18.8,72.8,301.62723,28.47723,0
19/10/2021,19.05,72.8,301.02,27.87,0
19/10/2021,18.8,72.8,300.92026,27.77026,0
20/10/2021,19.05,72.8,300.52164,27.37164,0
20/10/2021,18.8,72.8,300.3644,27.2144,0
21/10/2021,19.05,72.8,300.9012,27.7512,0
21/10/2021,18.8,72.8,300.81467,27.66467,0
22/10/2021,19.05,72.8,301.1594,28.0094,0
22/10/2021,18.8,72.8,301.09702,27.94702,0
23/10/2021,19.05,72.8,300.4661,27.3161,0
23/10/2021,18.8,72.8,300.502,27.352,0
24/10/2021,19.05,72.8,300.11865,26.96865,0
24/10/2021,18.8,72.8,300.0031,26.8531,0
25/10/2021,19.05,72.8,300.16,27.01,0
25/10/2021,18.8,72.8,299.97867,26.82867,0
26/10/2021,19.05,72.8,300.74133,27.59133,0
26/10/2021,18.8,72.8,300.60123,27.45123,0
27/10/2021,19.05,72.8,301.12036,27.97036,0
27/10/2021,18.8,72.8,301.11057,27.96057,0
28/10/2021,19.05,72.8,300.8707,27.7207,0
28/10/2021,18.8,72.8,300.8411,27.6911,0
29/10/2021,19.05,72.8,300.63812,27.48812,0
29/10/2021,18.8,72.8,300.65988,27.50988,0
30/10/2021,19.05,72.8,300.2067,27.0567,0
30/10/2021,18.8,72.8,300.40155,27.25155,0
31/10/2021,19.05,72.8,300.36804,27.21804,0
31/10/2021,18.8,72.8,300.3564,27.2064,0
01/11/2021,19.05,72.8,300.5847,27.4347,0
01/11/2021,18.8,72.8,300.40564,27.25564,0
02/11/2021,19.05,72.8,300.91965,27.76965,0
02/11/2021,18.8,72.8,300.72296,27.57296,0
03/11/2021,19.05,72.8,301.05997,27.90997,0
03/11/2021,18.8,72.8,301.02463,27.87463,0
04/11/2021,19.05,72.8,301.21548,28.06548,0
04/11/2021,18.8,72.8,301.06973,27.91973,0
05/11/2021,19.05,72.8,301.1511,28.0011,0
05/11/2021,18.8,72.8,300.92444,27.77444,0
06/11/2021,19.05,72.8,300.5947,27.4447,0
06/11/2021,18.8,72.8,300.27658,27.12658,0
07/11/2021,19.05,72.8,300.6022,27.4522,0
07/11/2021,18.8,72.8,300.4327,27.2827,0
08/11/2021,19.05,72.8,300.63095,27.48095,0
08/11/2021,18.8,72.8,300.53912,27.38912,0
09/11/2021,19.05,72.8,300.1473,26.9973,0
09/11/2021,18.8,72.8,300.2172,27.0672,0
10/11/2021,19.05,72.8,299.6459,26.4959,0
10/11/2021,18.8,72.8,299.79788,26.64788,0
11/11/2021,19.05,72.8,299.51694,26.36694,0
11/11/2021,18.8,72.8,299.6962,26.5462,0
12/11/2021,19.05,72.8,299.5964,26.4464,0
12/11/2021,18.8,72.8,299.81006,26.66006,0
13/11/2021,19.05,72.8,300.14322,26.99322,0
13/11/2021,18.8,72.8,300.29617,27.14617,0
14/11/2021,19.05,72.8,300.6131,27.4631,0
14/11/2021,18.8,72.8,300.65598,27.50598,0
15/11/2021,19.05,72.8,300.65762,27.50762,0
15/11/2021,18.8,72.8,300.71573,27.56573,0
16/11/2021,19.05,72.8,301.06152,27.91152,0
16/11/2021,18.8,72.8,301.03207,27.88207,0
17/11/2021,19.05,72.8,300.8909,27.7409,0
17/11/2021,18.8,72.8,300.77515,27.62515,0
18/11/2021,19.05,72.8,300.05777,26.90777,0
18/11/2021,18.8,72.8,299.92603,26.77603,0
19/11/2021,19.05,72.8,300.44824,27.29824,0
19/11/2021,18.8,72.8,300.33478,27.18478,0
20/11/2021,19.05,72.8,301.29648,28.14648,0
20/11/2021,18.8,72.8,301.2471,28.0971,0
21/11/2021,19.05,72.8,301.1305,27.9805,0
21/11/2021,18.8,72.8,301.10913,27.95913,0
22/11/2021,19.05,72.8,300.54892,27.39892,0
22/11/2021,18.8,72.8,300.6549,27.5049,0
23/11/2021,19.05,72.8,300.97372,27.82372,0
23/11/2021,18.8,72.8,300.84103,27.69103,0
24/11/2021,19.05,72.8,301.50702,28.35702,0
24/11/2021,18.8,72.8,301.2986,28.1486,0
25/11/2021,19.05,72.8,301.7796,28.6296,0
25/11/2021,18.8,72.8,301.61295,28.46295,0
26/11/2021,19.05,72.8,301.3602,28.2102,0
26/11/2021,18.8,72.8,301.3128,28.1628,0
27/11/2021,19.05,72.8,300.934,27.784,0
27/11/2021,18.8,72.8,300.92838,27.77838,0
28/11/2021,19.05,72.8,300.70682,27.55682,0
28/11/2021,18.8,72.8,300.86417,27.71417,0
29/11/2021,19.05,72.8,300.1277,26.9777,0
29/11/2021,18.8,72.8,300.49252,27.34252,0
30/11/2021,19.05,72.8,300.4773,27.3273,0
30/11/2021,18.8,72.8,300.574,27.424,0
01/12/2021,19.05,72.8,298.56012,25.41012,0
01/12/2021,18.8,72.8,298.91263,25.76263,0
02/12/2021,19.05,72.8,296.67386,23.52386,0
02/12/2021,18.8,72.8,297.301,24.151,0
03/12/2021,19.05,72.8,298.16776,25.01776,0
03/12/2021,18.8,72.8,298.4174,25.2674,0
04/12/2021,19.05,72.8,298.45813,25.30813,0
04/12/2021,18.8,72.8,298.60715,25.45715,0
05/12/2021,19.05,72.8,298.37155,25.22155,0
05/12/2021,18.8,72.8,298.39978,25.24978,0
06/12/2021,19.05,72.8,298.68896,25.53896,0
06/12/2021,18.8,72.8,298.62747,25.47747,0
07/12/2021,19.05,72.8,299.36862,26.21862,0
07/12/2021,18.8,72.8,299.44702,26.29702,0
08/12/2021,19.05,72.8,299.78186,26.63186,0
08/12/2021,18.8,72.8,299.97488,26.82488,0
09/12/2021,19.05,72.8,299.8832,26.7332,0
09/12/2021,18.8,72.8,300.14252,26.99252,0
10/12/2021,19.05,72.8,299.64093,26.49093,0
10/12/2021,18.8,72.8,299.88055,26.73055,0
11/12/2021,19.05,72.8,299.87253,26.72253,0
11/12/2021,18.8,72.8,300.20233,27.05233,0
12/12/2021,19.05,72.8,299.5825,26.4325,0
12/12/2021,18.8,72.8,299.76804,26.61804,0
13/12/2021,19.05,72.8,299.48892,26.33892,0
13/12/2021,18.8,72.8,299.65518,26.50518,0
14/12/2021,19.05,72.8,298.7326,25.5826,0
14/12/2021,18.8,72.8,298.99802,25.84802,0
15/12/2021,19.05,72.8,297.98807,24.83807,0
15/12/2021,18.8,72.8,298.1749,25.0249,0
16/12/2021,19.05,72.8,298.0924,24.9424,0
16/12/2021,18.8,72.8,298.29446,25.14446,0
17/12/2021,19.05,72.8,297.73068,24.58068,0
17/12/2021,18.8,72.8,298.02457,24.87457,0
18/12/2021,19.05,72.8,298.2583,25.1083,0
18/12/2021,18.8,72.8,298.47855,25.32855,0
19/12/2021,19.05,72.8,298.24728,25.09728,0
19/12/2021,18.8,72.8,298.43613,25.28613,0
20/12/2021,19.05,72.8,298.00394,24.85394,0
20/12/2021,18.8,72.8,298.20157,25.05157,0
21/12/2021,19.05,72.8,297.6563,24.5063,0
21/12/2021,18.8,72.8,297.818,24.668,0
22/12/2021,19.05,72.8,297.36337,24.21337,0
22/12/2021,18.8,72.8,297.52383,24.37383,0
23/12/2021,19.05,72.8,297.19528,24.04528,0
23/12/2021,18.8,72.8,297.38327,24.23327,0
24/12/2021,19.05,72.8,296.56284,23.41284,0
24/12/2021,18.8,72.8,296.65176,23.50176,0
25/12/2021,19.05,72.8,296.19675,23.04675,0
25/12/2021,18.8,72.8,296.18713,23.03713,0
26/12/2021,19.05,72.8,297.1002,23.9502,0
26/12/2021,18.8,72.8,297.06952,23.91952,0
27/12/2021,19.05,72.8,297.49246,24.34246,0
27/12/2021,18.8,72.8,297.69037,24.54037,0
28/12/2021,19.05,72.8,297.37802,24.22802,0
28/12/2021,18.8,72.8,297.58322,24.43322,0
29/12/2021,19.05,72.8,296.70615,23.55615,0
29/12/2021,18.8,72.8,296.83817,23.68817,0
30/12/2021,19.05,72.8,297.1766,24.0266,0
30/12/2021,18.8,72.8,297.40598,24.25598,0
31/12/2021,19.05,72.8,298.23853,25.08853,0
31/12/2021,18.8,72.8,298.4434,25.2934,0
